,sigungu,성별,연령별,2016 년,2017 년,2018 년,2019 년,2020 년
420,동구,여자,0 - 4세,1406.0,1271.0,1096.0,934.5,795.0
421,동구,여자,5 - 9세,1504.5,1457.5,1364.0,1245.5,1123.0
422,동구,여자,10 - 14세,1368.0,1344.5,1303.5,1231.5,1195.0
423,동구,여자,15 - 19세,1753.0,1602.5,1454.0,1382.5,1304.5
424,동구,여자,20 - 24세,1866.5,1800.0,1726.5,1648.0,1569.0
425,동구,여자,25 - 29세,1743.0,1696.5,1640.5,1561.5,1491.0
426,동구,여자,30 - 34세,2275.0,2032.5,1766.5,1532.5,1377.5
427,동구,여자,35 - 39세,2659.5,2650.0,2528.0,2272.5,1986.5
428,동구,여자,40 - 44세,2671.5,2545.0,2362.0,2202.5,2126.5
429,동구,여자,45 - 49세,2503.0,2516.0,2505.0,2472.5,2427.0
430,동구,여자,50 - 54세,2542.0,2392.0,2318.5,2294.0,2257.5
431,동구,여자,55 - 59세,3058.0,2968.5,2826.5,2652.0,2492.0
432,동구,여자,60 - 64세,2509.5,2621.0,2671.5,2746.0,2816.0
433,동구,여자,65 - 69세,2119.0,2129.0,2124.5,2092.0,2183.5
434,동구,여자,70 - 74세,1839.5,1838.0,1855.5,1906.0,1979.0
435,동구,여자,75 - 79세,1458.5,1561.5,1614.0,1608.0,1636.0
436,동구,여자,80 - 84세,1009.0,1049.5,1071.5,1105.5,1137.0
437,동구,여자,85 - 89세,490.0,533.5,575.0,610.0,651.0
438,동구,여자,90 - 94세,171.5,176.0,195.0,216.0,244.5
439,동구,여자,95 - 99세,35.5,37.5,38.5,48.0,53.5
440,동구,여자,100세 이상,7.0,8.5,9.5,8.0,6.0
567,동구,여자,0 - 4세,1663.5,1522.5,1447.5,1466.0,1556.0
568,동구,여자,5 - 9세,1464.0,1476.5,1489.0,1581.5,1763.5
569,동구,여자,10 - 14세,1536.5,1460.5,1447.0,1453.5,1527.0
570,동구,여자,15 - 19세,2551.0,2372.0,2205.5,2116.5,2010.0
571,동구,여자,20 - 24세,3337.5,3259.5,3238.0,3310.0,3453.0
572,동구,여자,25 - 29세,2912.5,2916.0,2956.0,3134.0,3496.0
573,동구,여자,30 - 34세,3006.0,2752.5,2620.0,2675.0,2924.0
574,동구,여자,35 - 39세,2934.5,2888.5,2933.0,3030.5,3200.0
575,동구,여자,40 - 44세,2908.5,2832.0,2743.0,2747.0,2955.0
576,동구,여자,45 - 49세,3281.0,3300.5,3347.5,3411.5,3445.0
577,동구,여자,50 - 54세,3642.5,3479.0,3409.0,3483.5,3679.0
578,동구,여자,55 - 59세,4251.0,4212.5,4076.0,4018.0,4020.0
579,동구,여자,60 - 64세,3590.0,3641.5,3764.5,3930.0,4097.0
580,동구,여자,65 - 69세,3305.5,3248.0,3201.5,3169.5,3304.0
581,동구,여자,70 - 74세,2751.0,2726.0,2790.0,2928.0,3070.5
582,동구,여자,75 - 79세,2140.0,2324.5,2461.5,2489.5,2518.0
583,동구,여자,80 - 84세,1389.0,1440.5,1507.0,1599.5,1713.5
584,동구,여자,85 - 89세,745.0,766.5,777.0,815.5,878.0
585,동구,여자,90 - 94세,267.0,277.5,297.5,315.0,342.5
586,동구,여자,95 - 99세,63.5,73.0,81.5,89.0,92.0
587,동구,여자,100세 이상,13.5,14.0,13.5,10.0,9.0
672,동구,여자,0 - 4세,4828.0,4327.5,3909.5,3545.0,3179.0
673,동구,여자,5 - 9세,5190.0,5017.0,4774.5,4588.5,4399.0
674,동구,여자,10 - 14세,4974.0,4821.0,4796.0,4683.5,4538.0
675,동구,여자,15 - 19세,6531.5,6197.5,5831.5,5580.0,5285.5
676,동구,여자,20 - 24세,7909.0,7888.0,7887.0,7836.5,7753.0
677,동구,여자,25 - 29세,6243.0,6191.0,6260.0,6397.5,6478.5
678,동구,여자,30 - 34세,7411.0,6550.0,5884.0,5497.5,5187.0
679,동구,여자,35 - 39세,8474.5,8213.0,8017.0,7638.5,7022.5
680,동구,여자,40 - 44세,8734.5,8402.0,8048.0,7707.5,7559.0
681,동구,여자,45 - 49세,9050.5,9034.0,8917.0,8793.0,8581.5
682,동구,여자,50 - 54세,9016.5,8519.0,8551.0,8798.5,8832.5
683,동구,여자,55 - 59세,10027.0,10093.0,9964.5,9660.5,9177.5
684,동구,여자,60 - 64세,7730.5,8166.5,8542.5,8952.0,9317.5
685,동구,여자,65 - 69세,6097.0,6203.5,6342.5,6553.5,6920.0
686,동구,여자,70 - 74세,5160.0,4997.5,5011.0,5211.5,5514.5
687,동구,여자,75 - 79세,4190.0,4494.0,4747.0,4802.5,4791.0
688,동구,여자,80 - 84세,2694.0,2868.0,3026.0,3258.5,3443.5
689,동구,여자,85 - 89세,1317.5,1391.5,1488.5,1599.5,1723.5
690,동구,여자,90 - 94세,443.0,474.0,526.0,589.5,649.0
691,동구,여자,95 - 99세,90.0,96.0,112.0,132.5,138.5
692,동구,여자,100세 이상,21.5,19.5,19.0,19.5,21.0
0,중구,여자,0 - 4세,502.5,458.0,390.0,322.0,265.5
1,중구,여자,5 - 9세,533.0,500.5,466.0,438.5,404.5
2,중구,여자,10 - 14세,589.5,567.5,523.0,471.5,439.5
3,중구,여자,15 - 19세,954.0,863.0,772.5,696.0,613.0
4,중구,여자,20 - 24세,1358.0,1334.5,1272.5,1234.0,1275.5
5,중구,여자,25 - 29세,1360.0,1389.0,1423.5,1437.5,1497.0
6,중구,여자,30 - 34세,1289.5,1181.5,1072.5,1020.0,1002.5
7,중구,여자,35 - 39세,1275.0,1258.5,1210.0,1114.5,1037.5
8,중구,여자,40 - 44세,1473.0,1358.0,1226.0,1100.0,1049.0
9,중구,여자,45 - 49세,1736.0,1732.5,1628.5,1499.5,1393.5
10,중구,여자,50 - 54세,1854.5,1723.0,1645.5,1643.0,1626.5
11,중구,여자,55 - 59세,2275.0,2221.5,2118.5,1986.5,1856.5
12,중구,여자,60 - 64세,1990.5,2056.0,2121.0,2174.5,2172.5
13,중구,여자,65 - 69세,1691.5,1709.5,1723.5,1704.0,1770.5
14,중구,여자,70 - 74세,1390.0,1365.5,1372.5,1437.5,1506.0
15,중구,여자,75 - 79세,1088.0,1173.0,1220.5,1223.5,1232.0
16,중구,여자,80 - 84세,622.0,666.5,720.0,782.0,831.5
17,중구,여자,85 - 89세,345.0,362.0,381.0,388.5,402.5
18,중구,여자,90 - 94세,123.5,141.5,156.5,172.0,190.0
19,중구,여자,95 - 99세,17.5,24.5,34.0,37.5,39.0
20,중구,여자,100세 이상,1.5,3.5,4.0,4.0,5.5
693,중구,여자,0 - 4세,4851.0,4418.0,4009.0,3624.5,3189.0
694,중구,여자,5 - 9세,5427.0,5266.5,5024.0,4804.5,4581.0
695,중구,여자,10 - 14세,5712.0,5506.0,5332.5,5137.5,5035.5
696,중구,여자,15 - 19세,7697.0,7242.0,6837.5,6410.5,5891.5
697,중구,여자,20 - 24세,8324.0,8284.5,8089.5,7838.5,7589.5
698,중구,여자,25 - 29세,6949.0,6991.5,7142.5,7350.0,7516.0
699,중구,여자,30 - 34세,7740.5,7027.5,6439.0,6015.5,5756.0
700,중구,여자,35 - 39세,9282.5,9061.0,8684.5,8070.5,7276.5
701,중구,여자,40 - 44세,10101.5,9649.0,9075.5,8624.0,8436.5
702,중구,여자,45 - 49세,10692.0,10764.5,10623.0,10277.0,9865.0
703,중구,여자,50 - 54세,9812.0,9470.5,9583.0,9897.5,9985.5
704,중구,여자,55 - 59세,10429.0,10519.5,10386.0,10101.5,9733.0
705,중구,여자,60 - 64세,8509.0,8930.0,9225.0,9472.5,9630.5
706,중구,여자,65 - 69세,6579.5,6711.5,6850.0,7037.5,7472.0
707,중구,여자,70 - 74세,5440.0,5415.0,5484.5,5759.0,6066.5
708,중구,여자,75 - 79세,4299.0,4607.5,4884.5,4957.5,4994.5
709,중구,여자,80 - 84세,2876.5,3054.0,3243.5,3456.0,3631.5
710,중구,여자,85 - 89세,1482.0,1612.5,1709.0,1818.0,1944.0
711,중구,여자,90 - 94세,518.0,565.5,624.5,676.5,725.0
712,중구,여자,95 - 99세,107.0,113.0,124.0,149.0,173.5
713,중구,여자,100세 이상,18.5,22.5,20.0,19.0,22.0
147,금정구,여자,0 - 4세,3587.0,3426.0,3305.0,3070.5,2704.5
148,금정구,여자,5 - 9세,3897.5,3947.0,3963.0,3948.5,3902.0
149,금정구,여자,10 - 14세,4446.0,4227.5,4134.0,3977.0,3882.5
150,금정구,여자,15 - 19세,6681.5,6327.5,5911.0,5466.5,4970.5
151,금정구,여자,20 - 24세,9063.5,8962.5,8783.0,8504.0,8285.0
152,금정구,여자,25 - 29세,7214.5,7241.5,7298.5,7331.5,7213.5
153,금정구,여자,30 - 34세,6928.5,6451.5,6109.5,5856.5,5637.0
154,금정구,여자,35 - 39세,7745.5,7864.5,7860.5,7546.0,6872.0
155,금정구,여자,40 - 44세,8603.0,8082.5,7687.5,7391.5,7318.5
156,금정구,여자,45 - 49세,10566.5,10431.5,10093.5,9614.5,8994.5
157,금정구,여자,50 - 54세,11323.5,10784.0,10573.0,10468.5,10250.5
158,금정구,여자,55 - 59세,12195.5,12447.0,12363.5,11996.5,11386.0
159,금정구,여자,60 - 64세,9833.5,10268.5,10680.5,11159.5,11351.5
160,금정구,여자,65 - 69세,7079.0,7490.0,7882.5,8180.5,8731.0
161,금정구,여자,70 - 74세,5306.5,5442.5,5767.5,6183.5,6517.0
162,금정구,여자,75 - 79세,4239.0,4584.0,4907.0,5064.0,5054.5
163,금정구,여자,80 - 84세,2764.5,2940.0,3115.0,3306.5,3462.0
164,금정구,여자,85 - 89세,1359.5,1464.0,1582.0,1739.0,1921.0
165,금정구,여자,90 - 94세,484.0,513.0,547.0,604.0,667.0
166,금정구,여자,95 - 99세,90.0,115.0,131.0,136.0,146.5
167,금정구,여자,100세 이상,18.0,18.0,17.0,19.5,22.0
2793,통영시,여자,0 - 4세,3233.5,2926.5,2588.5,2257.5,1897.5
2794,통영시,여자,5 - 9세,3544.0,3570.5,3446.5,3325.0,3194.0
2795,통영시,여자,10 - 14세,3058.0,3011.0,3087.5,3138.0,3203.5
2796,통영시,여자,15 - 19세,3837.0,3672.0,3467.0,3269.0,3040.0
2797,통영시,여자,20 - 24세,3274.5,3189.5,3085.5,2985.0,2791.0
2798,통영시,여자,25 - 29세,2919.5,2798.5,2683.0,2584.5,2415.0
2799,통영시,여자,30 - 34세,4324.0,3776.0,3291.0,2915.5,2638.5
2800,통영시,여자,35 - 39세,5117.5,5149.0,5028.5,4810.5,4394.0
2801,통영시,여자,40 - 44세,5152.5,4995.0,4836.5,4686.0,4672.0
2802,통영시,여자,45 - 49세,5426.0,5445.0,5372.0,5254.0,5105.5
2803,통영시,여자,50 - 54세,5418.5,5121.5,5089.5,5263.0,5338.5
2804,통영시,여자,55 - 59세,6167.5,6380.0,6376.0,6110.0,5732.5
2805,통영시,여자,60 - 64세,4708.5,4968.0,5201.5,5523.0,5842.5
2806,통영시,여자,65 - 69세,3468.0,3690.5,3826.0,3939.5,4231.5
2807,통영시,여자,70 - 74세,2976.0,2859.0,2902.5,3025.5,3155.0
2808,통영시,여자,75 - 79세,2564.0,2729.0,2859.5,2903.0,2852.5
2809,통영시,여자,80 - 84세,1742.5,1800.0,1870.0,1965.5,2061.0
2810,통영시,여자,85 - 89세,869.0,948.5,1005.0,1058.5,1120.0
2811,통영시,여자,90 - 94세,293.0,313.0,345.0,374.5,397.5
2812,통영시,여자,95 - 99세,44.5,56.5,65.5,68.5,76.5
2813,통영시,여자,100세 이상,8.0,6.0,4.5,4.5,6.0
1890,강릉시,여자,0 - 4세,3505.0,3310.0,3104.0,2969.5,2801.5
1891,강릉시,여자,5 - 9세,4081.0,4090.5,4030.0,3912.0,3836.5
1892,강릉시,여자,10 - 14세,4716.5,4486.5,4347.5,4234.0,4193.5
1893,강릉시,여자,15 - 19세,6556.5,6230.5,5868.5,5551.0,5113.5
1894,강릉시,여자,20 - 24세,6586.5,6499.0,6471.0,6476.5,6332.0
1895,강릉시,여자,25 - 29세,4487.0,4632.5,4740.0,4869.0,5076.0
1896,강릉시,여자,30 - 34세,5323.5,4929.0,4601.5,4397.5,4301.0
1897,강릉시,여자,35 - 39세,6787.5,6741.0,6666.0,6427.5,6097.5
1898,강릉시,여자,40 - 44세,8240.5,7964.5,7610.0,7253.5,7164.0
1899,강릉시,여자,45 - 49세,8791.5,8843.0,8801.5,8762.5,8643.5
1900,강릉시,여자,50 - 54세,8703.0,8418.5,8448.0,8613.0,8781.5
1901,강릉시,여자,55 - 59세,9885.0,10086.0,10017.0,9745.0,9355.0
1902,강릉시,여자,60 - 64세,7708.0,8239.5,8660.5,9186.0,9696.0
1903,강릉시,여자,65 - 69세,5603.5,5802.0,6128.5,6483.0,7089.0
1904,강릉시,여자,70 - 74세,5484.0,5393.0,5426.0,5493.5,5508.0
1905,강릉시,여자,75 - 79세,4724.5,4957.5,5116.0,5150.0,5216.5
1906,강릉시,여자,80 - 84세,3028.5,3265.5,3520.0,3764.0,3976.0
1907,강릉시,여자,85 - 89세,1773.5,1846.5,1938.0,2040.5,2162.5
1908,강릉시,여자,90 - 94세,728.5,775.5,814.5,890.0,987.0
1909,강릉시,여자,95 - 99세,161.5,180.0,209.0,228.5,248.0
1910,강릉시,여자,100세 이상,29.5,31.5,37.0,39.0,39.5
1911,동해시,여자,0 - 4세,1822.0,1733.5,1614.0,1468.0,1351.5
1912,동해시,여자,5 - 9세,2049.0,2023.0,2017.5,1984.0,1920.5
1913,동해시,여자,10 - 14세,2226.5,2144.0,2077.5,2028.0,2021.0
1914,동해시,여자,15 - 19세,2820.5,2697.0,2550.5,2401.0,2264.5
1915,동해시,여자,20 - 24세,2410.5,2398.5,2320.5,2205.5,2132.5
1916,동해시,여자,25 - 29세,1785.5,1783.0,1758.5,1736.5,1741.0
1917,동해시,여자,30 - 34세,2402.5,2169.0,1959.5,1795.0,1697.5
1918,동해시,여자,35 - 39세,3240.0,3191.0,3042.5,2854.5,2686.0
1919,동해시,여자,40 - 44세,3634.5,3525.5,3409.5,3277.0,3235.5
1920,동해시,여자,45 - 49세,3898.0,3922.0,3888.0,3841.0,3748.0
1921,동해시,여자,50 - 54세,3655.0,3551.0,3533.5,3633.5,3781.0
1922,동해시,여자,55 - 59세,4174.5,4225.5,4132.5,3947.0,3729.5
1923,동해시,여자,60 - 64세,3197.5,3399.0,3598.5,3811.5,3986.0
1924,동해시,여자,65 - 69세,2297.0,2361.0,2456.5,2613.0,2886.5
1925,동해시,여자,70 - 74세,2257.5,2199.0,2197.0,2198.0,2195.5
1926,동해시,여자,75 - 79세,1849.0,1964.5,2083.5,2148.5,2166.5
1927,동해시,여자,80 - 84세,1223.5,1275.5,1332.0,1401.0,1479.5
1928,동해시,여자,85 - 89세,636.0,694.0,735.5,784.0,842.0
1929,동해시,여자,90 - 94세,237.5,242.0,252.5,265.5,290.0
1930,동해시,여자,95 - 99세,38.5,46.5,56.5,72.0,82.5
1931,동해시,여자,100세 이상,6.5,8.5,7.5,5.0,5.0
2646,경주시,여자,0 - 4세,4439.5,4235.0,3975.5,3764.0,3485.5
2647,경주시,여자,5 - 9세,4917.5,4896.0,4785.0,4672.0,4609.5
2648,경주시,여자,10 - 14세,5108.5,4963.0,4864.5,4786.0,4792.0
2649,경주시,여자,15 - 19세,7292.0,6844.0,6401.0,5969.0,5424.0
2650,경주시,여자,20 - 24세,7124.5,6973.5,6836.0,6669.5,6414.5
2651,경주시,여자,25 - 29세,5584.5,5632.0,5612.5,5563.0,5474.0
2652,경주시,여자,30 - 34세,6382.5,5834.0,5451.5,5263.0,5124.5
2653,경주시,여자,35 - 39세,7596.5,7586.0,7530.5,7357.0,6965.0
2654,경주시,여자,40 - 44세,9503.0,8976.0,8305.0,7744.5,7563.5
2655,경주시,여자,45 - 49세,10624.0,10680.0,10539.5,10345.5,10055.0
2656,경주시,여자,50 - 54세,10796.5,10594.0,10739.5,10951.0,10999.5
2657,경주시,여자,55 - 59세,11223.5,11570.0,11735.0,11686.5,11496.0
2658,경주시,여자,60 - 64세,9482.0,9921.5,10300.0,10798.5,11265.0
2659,경주시,여자,65 - 69세,7485.5,7948.5,8261.0,8489.5,8937.0
2660,경주시,여자,70 - 74세,6744.0,6379.0,6258.5,6470.5,6856.5
2661,경주시,여자,75 - 79세,6505.0,6739.5,6983.5,6862.0,6619.5
2662,경주시,여자,80 - 84세,4696.5,4955.0,5122.0,5331.0,5533.5
2663,경주시,여자,85 - 89세,2255.0,2473.0,2677.0,2916.5,3166.5
2664,경주시,여자,90 - 94세,733.0,779.5,848.5,930.0,1055.5
2665,경주시,여자,95 - 99세,160.5,181.5,219.5,235.0,234.0
2666,경주시,여자,100세 이상,28.5,28.0,29.0,33.5,35.5
2814,사천시,여자,0 - 4세,2455.0,2296.0,2130.0,1907.5,1663.0
2815,사천시,여자,5 - 9세,2797.5,2762.0,2672.0,2536.0,2402.0
2816,사천시,여자,10 - 14세,2479.5,2448.5,2472.5,2514.0,2588.0
2817,사천시,여자,15 - 19세,2993.5,2867.5,2733.0,2604.0,2430.0
2818,사천시,여자,20 - 24세,2568.0,2550.0,2505.5,2407.0,2320.5
2819,사천시,여자,25 - 29세,2135.5,2140.0,2174.0,2141.5,2064.5
2820,사천시,여자,30 - 34세,3226.0,2840.0,2517.0,2303.5,2198.0
2821,사천시,여자,35 - 39세,4120.5,4112.0,4056.5,3829.5,3463.0
2822,사천시,여자,40 - 44세,4201.5,4122.5,4017.0,3912.5,3910.5
2823,사천시,여자,45 - 49세,4296.0,4323.5,4385.0,4401.0,4308.0
2824,사천시,여자,50 - 54세,4043.0,3901.0,3958.0,4142.5,4286.5
2825,사천시,여자,55 - 59세,4726.0,4859.5,4798.0,4618.0,4383.5
2826,사천시,여자,60 - 64세,3934.0,4102.0,4301.5,4470.5,4616.0
2827,사천시,여자,65 - 69세,3295.0,3371.5,3389.0,3417.5,3627.0
2828,사천시,여자,70 - 74세,3033.5,2944.0,2958.0,3045.0,3118.5
2829,사천시,여자,75 - 79세,2883.5,2945.0,2988.5,2982.5,2947.5
2830,사천시,여자,80 - 84세,2118.5,2201.0,2268.0,2350.0,2442.0
2831,사천시,여자,85 - 89세,1073.5,1189.0,1278.0,1343.5,1426.5
2832,사천시,여자,90 - 94세,402.0,435.0,469.5,494.0,525.5
2833,사천시,여자,95 - 99세,71.5,81.0,88.0,93.5,105.0
2834,사천시,여자,100세 이상,14.5,15.0,14.0,11.0,10.0
2667,김천시,여자,0 - 4세,2833.5,2844.0,2722.5,2574.0,2361.0
2668,김천시,여자,5 - 9세,2665.5,2789.5,2809.0,2814.0,2813.5
2669,김천시,여자,10 - 14세,2630.0,2577.0,2613.0,2606.0,2646.0
2670,김천시,여자,15 - 19세,3731.0,3528.5,3315.0,3157.5,3031.0
2671,김천시,여자,20 - 24세,3871.0,3794.0,3645.5,3545.0,3445.0
2672,김천시,여자,25 - 29세,3130.5,3260.0,3239.0,3144.5,3090.5
2673,김천시,여자,30 - 34세,3868.5,3673.0,3400.5,3194.5,3071.0
2674,김천시,여자,35 - 39세,4176.0,4393.0,4446.0,4377.5,4198.5
2675,김천시,여자,40 - 44세,4567.0,4538.0,4391.0,4203.0,4190.5
2676,김천시,여자,45 - 49세,5333.0,5334.5,5220.0,5079.0,4941.5
2677,김천시,여자,50 - 54세,5382.5,5244.0,5276.0,5438.0,5525.5
2678,김천시,여자,55 - 59세,5995.0,6179.5,6235.0,6077.0,5861.5
2679,김천시,여자,60 - 64세,5166.0,5397.0,5481.0,5717.5,6008.0
2680,김천시,여자,65 - 69세,4045.0,4251.5,4441.5,4588.5,4859.0
2681,김천시,여자,70 - 74세,3788.5,3584.0,3504.0,3579.5,3770.5
2682,김천시,여자,75 - 79세,4023.5,4128.5,4204.0,4100.5,3834.0
2683,김천시,여자,80 - 84세,2880.5,3037.5,3151.5,3289.0,3397.5
2684,김천시,여자,85 - 89세,1476.0,1581.0,1672.5,1771.0,1926.5
2685,김천시,여자,90 - 94세,461.5,487.5,542.5,619.5,712.5
2686,김천시,여자,95 - 99세,124.0,143.0,156.5,151.5,143.0
2687,김천시,여자,100세 이상,20.5,20.0,18.5,20.5,23.0
756,대덕구,여자,0 - 4세,3754.0,3395.5,3023.5,2711.5,2465.5
757,대덕구,여자,5 - 9세,4037.0,3873.0,3618.0,3384.5,3266.0
758,대덕구,여자,10 - 14세,4586.0,4261.5,4022.0,3776.0,3620.0
759,대덕구,여자,15 - 19세,6567.0,6032.0,5492.0,5044.0,4615.0
760,대덕구,여자,20 - 24세,6891.0,6737.5,6511.0,6246.5,5890.0
761,대덕구,여자,25 - 29세,5309.0,5285.5,5201.0,5050.5,5092.0
762,대덕구,여자,30 - 34세,5766.5,5151.5,4663.5,4280.0,4129.5
763,대덕구,여자,35 - 39세,6604.0,6332.0,5955.0,5474.0,5058.5
764,대덕구,여자,40 - 44세,7880.5,7255.5,6659.5,6187.5,5884.5
765,대덕구,여자,45 - 49세,9197.5,9076.5,8630.0,8104.0,7672.5
766,대덕구,여자,50 - 54세,8257.5,7909.0,8046.0,8273.0,8387.0
767,대덕구,여자,55 - 59세,8122.5,8396.5,8363.0,8193.5,8042.0
768,대덕구,여자,60 - 64세,5617.0,6010.0,6359.5,6732.0,7137.0
769,대덕구,여자,65 - 69세,3860.0,4022.5,4128.5,4326.0,4745.0
770,대덕구,여자,70 - 74세,3229.5,3131.0,3169.0,3301.5,3455.5
771,대덕구,여자,75 - 79세,2588.5,2803.5,2999.5,3059.5,3054.5
772,대덕구,여자,80 - 84세,1764.0,1864.5,1945.5,2049.0,2138.5
773,대덕구,여자,85 - 89세,861.5,927.5,1000.5,1076.0,1170.5
774,대덕구,여자,90 - 94세,265.5,294.0,339.0,370.5,410.5
775,대덕구,여자,95 - 99세,61.0,78.5,92.5,100.0,96.0
776,대덕구,여자,100세 이상,10.5,11.0,12.5,11.5,13.0
1953,인제군,여자,0 - 4세,754.0,728.5,682.5,642.0,617.5
1954,인제군,여자,5 - 9세,698.0,666.5,643.0,610.5,610.0
1955,인제군,여자,10 - 14세,611.5,611.0,619.5,605.5,578.5
1956,인제군,여자,15 - 19세,765.0,699.0,636.5,593.5,555.5
1957,인제군,여자,20 - 24세,752.0,748.5,731.5,684.0,638.0
1958,인제군,여자,25 - 29세,752.0,746.5,746.5,741.5,743.5
1959,인제군,여자,30 - 34세,947.5,903.0,828.0,753.5,754.0
1960,인제군,여자,35 - 39세,1008.5,1011.0,1002.0,972.0,920.5
1961,인제군,여자,40 - 44세,901.5,877.0,867.5,860.5,864.5
1962,인제군,여자,45 - 49세,979.5,977.5,957.5,907.0,875.0
1963,인제군,여자,50 - 54세,1248.0,1165.5,1128.0,1094.0,1051.0
1964,인제군,여자,55 - 59세,1381.0,1421.5,1446.5,1468.5,1444.0
1965,인제군,여자,60 - 64세,1063.0,1130.0,1185.0,1265.0,1353.5
1966,인제군,여자,65 - 69세,690.0,722.0,768.0,804.5,907.5
1967,인제군,여자,70 - 74세,791.5,755.0,724.5,698.0,660.5
1968,인제군,여자,75 - 79세,789.0,813.5,815.5,779.5,756.5
1969,인제군,여자,80 - 84세,491.5,509.5,550.5,603.5,633.0
1970,인제군,여자,85 - 89세,279.5,285.0,297.5,307.5,324.0
1971,인제군,여자,90 - 94세,96.0,108.5,121.5,127.5,139.5
1972,인제군,여자,95 - 99세,22.0,27.5,29.5,28.5,31.5
1973,인제군,여자,100세 이상,2.0,3.0,3.0,2.5,2.5
2415,익산시,여자,0 - 4세,5807.5,5419.5,4998.5,4566.0,4046.0
2416,익산시,여자,5 - 9세,6706.0,6647.5,6400.0,6071.5,5754.5
2417,익산시,여자,10 - 14세,7317.5,7057.5,6836.0,6518.5,6347.5
2418,익산시,여자,15 - 19세,9683.5,9281.0,8812.0,8237.5,7632.5
2419,익산시,여자,20 - 24세,10307.5,10404.5,10311.0,9773.0,9200.5
2420,익산시,여자,25 - 29세,7409.5,7592.5,7697.0,7635.0,7545.0
2421,익산시,여자,30 - 34세,8104.5,7586.0,7033.0,6476.5,6035.0
2422,익산시,여자,35 - 39세,9583.5,9373.5,9059.0,8574.0,7924.0
2423,익산시,여자,40 - 44세,11361.5,10869.5,10305.5,9573.5,9130.5
2424,익산시,여자,45 - 49세,12564.0,12591.5,12307.5,11977.0,11579.0
2425,익산시,여자,50 - 54세,11947.0,11777.5,11949.5,12113.5,12110.0
2426,익산시,여자,55 - 59세,12164.5,12565.0,12608.0,12459.5,12113.5
2427,익산시,여자,60 - 64세,9147.0,9702.0,10261.0,10769.5,11266.5
2428,익산시,여자,65 - 69세,7515.5,7715.0,7804.5,7973.5,8417.5
2429,익산시,여자,70 - 74세,6540.5,6314.5,6275.0,6549.0,7006.0
2430,익산시,여자,75 - 79세,6044.5,6406.5,6644.0,6467.5,6266.0
2431,익산시,여자,80 - 84세,4528.5,4724.5,4855.5,5016.5,5142.0
2432,익산시,여자,85 - 89세,2395.0,2596.0,2803.0,2988.0,3158.5
2433,익산시,여자,90 - 94세,774.5,864.5,943.0,1045.5,1171.5
2434,익산시,여자,95 - 99세,158.5,175.0,208.0,226.0,243.0
2435,익산시,여자,100세 이상,32.0,36.0,34.0,30.5,30.5
1218,동두천시,여자,0 - 4세,1987.5,1832.5,1639.5,1457.5,1283.0
1219,동두천시,여자,5 - 9세,2341.0,2257.5,2150.0,2029.0,1896.0
1220,동두천시,여자,10 - 14세,2227.0,2202.0,2181.0,2129.5,2117.5
1221,동두천시,여자,15 - 19세,2785.5,2649.0,2511.0,2406.0,2222.5
1222,동두천시,여자,20 - 24세,2810.0,2751.5,2703.5,2630.5,2579.5
1223,동두천시,여자,25 - 29세,2416.5,2464.0,2441.5,2428.0,2484.5
1224,동두천시,여자,30 - 34세,2977.5,2704.5,2431.0,2223.0,2124.0
1225,동두천시,여자,35 - 39세,3354.0,3278.0,3206.0,3074.5,2841.0
1226,동두천시,여자,40 - 44세,3872.0,3679.5,3413.0,3189.5,3063.0
1227,동두천시,여자,45 - 49세,3907.0,4004.0,4048.0,3983.5,3836.0
1228,동두천시,여자,50 - 54세,3730.5,3623.0,3610.5,3660.0,3725.0
1229,동두천시,여자,55 - 59세,3737.5,3917.0,3940.5,3842.5,3793.0
1230,동두천시,여자,60 - 64세,2869.5,3050.0,3212.5,3460.0,3657.0
1231,동두천시,여자,65 - 69세,2441.0,2428.0,2442.0,2493.0,2669.0
1232,동두천시,여자,70 - 74세,2421.0,2387.5,2449.5,2504.0,2531.5
1233,동두천시,여자,75 - 79세,2202.5,2363.5,2449.5,2462.5,2449.0
1234,동두천시,여자,80 - 84세,1221.5,1374.5,1512.0,1642.5,1779.5
1235,동두천시,여자,85 - 89세,585.0,638.5,682.5,734.5,817.5
1236,동두천시,여자,90 - 94세,188.0,222.0,258.0,294.0,327.0
1237,동두천시,여자,95 - 99세,48.5,49.0,54.0,61.5,68.5
1238,동두천시,여자,100세 이상,10.0,15.0,17.0,18.0,19.0
1932,속초시,여자,0 - 4세,1587.5,1488.5,1390.5,1330.0,1231.5
1933,속초시,여자,5 - 9세,1630.5,1640.0,1656.0,1655.5,1687.0
1934,속초시,여자,10 - 14세,1942.5,1819.5,1745.0,1675.0,1666.0
1935,속초시,여자,15 - 19세,2582.5,2462.5,2316.0,2174.5,2008.0
1936,속초시,여자,20 - 24세,2224.0,2233.5,2224.0,2146.0,2074.0
1937,속초시,여자,25 - 29세,1727.0,1771.5,1785.0,1769.5,1810.5
1938,속초시,여자,30 - 34세,2134.0,1975.0,1855.5,1838.5,1843.0
1939,속초시,여자,35 - 39세,2668.5,2713.0,2704.5,2566.5,2443.0
1940,속초시,여자,40 - 44세,3237.0,3070.0,2924.0,2809.5,2783.0
1941,속초시,여자,45 - 49세,3801.5,3846.0,3743.5,3587.0,3476.0
1942,속초시,여자,50 - 54세,3606.5,3528.0,3582.5,3656.5,3740.5
1943,속초시,여자,55 - 59세,3845.0,4018.5,4064.5,4015.0,3884.5
1944,속초시,여자,60 - 64세,2773.0,2980.0,3224.0,3470.5,3712.0
1945,속초시,여자,65 - 69세,1954.0,1999.0,2085.5,2241.5,2529.0
1946,속초시,여자,70 - 74세,1941.5,1941.0,1959.0,1983.0,1972.0
1947,속초시,여자,75 - 79세,1581.0,1670.5,1742.0,1761.5,1805.5
1948,속초시,여자,80 - 84세,1041.0,1124.0,1203.0,1269.5,1343.0
1949,속초시,여자,85 - 89세,684.5,685.5,681.5,696.5,709.5
1950,속초시,여자,90 - 94세,220.5,254.0,298.0,352.5,390.0
1951,속초시,여자,95 - 99세,29.0,42.0,48.0,49.0,66.0
1952,속초시,여자,100세 이상,5.5,8.0,8.0,9.0,10.5
1785,포천시,여자,0 - 4세,2681.5,2530.5,2297.5,2070.0,1845.0
1786,포천시,여자,5 - 9세,2983.0,2919.0,2808.0,2624.0,2469.5
1787,포천시,여자,10 - 14세,3320.5,3122.5,2920.0,2773.0,2708.5
1788,포천시,여자,15 - 19세,4522.5,4235.0,3961.0,3692.0,3331.0
1789,포천시,여자,20 - 24세,4523.5,4466.5,4346.5,4119.0,3939.5
1790,포천시,여자,25 - 29세,3750.0,3763.5,3731.0,3662.5,3587.0
1791,포천시,여자,30 - 34세,3740.0,3511.0,3274.0,3141.0,3071.0
1792,포천시,여자,35 - 39세,4396.5,4252.5,4016.0,3732.0,3474.5
1793,포천시,여자,40 - 44세,5350.5,5026.0,4679.5,4364.0,4126.0
1794,포천시,여자,45 - 49세,6225.0,6143.0,5918.0,5666.0,5429.0
1795,포천시,여자,50 - 54세,6461.0,6300.5,6347.0,6402.0,6292.5
1796,포천시,여자,55 - 59세,6779.0,7048.5,7047.0,6917.5,6825.0
1797,포천시,여자,60 - 64세,4644.5,5130.0,5613.5,6113.5,6534.5
1798,포천시,여자,65 - 69세,3495.0,3457.5,3532.5,3708.5,4080.5
1799,포천시,여자,70 - 74세,3390.0,3361.0,3352.0,3380.0,3434.0
1800,포천시,여자,75 - 79세,3138.0,3275.5,3370.5,3308.5,3214.5
1801,포천시,여자,80 - 84세,1986.5,2177.0,2337.5,2494.5,2611.5
1802,포천시,여자,85 - 89세,1012.5,1042.5,1117.0,1236.5,1364.0
1803,포천시,여자,90 - 94세,391.0,407.5,428.5,482.5,550.0
1804,포천시,여자,95 - 99세,76.0,93.0,115.0,130.5,138.0
1805,포천시,여자,100세 이상,8.0,10.5,12.0,13.0,14.5
